"Site.Code","CT.mean","CT.median","CT.mode"
"BBS",29,26,24
"BCI",22,21,20
"CAX",23,22,21
"COU",33,31,29
"KRP",26,25,23
"MAS",30,28,26
"NNN",38,36,33
"PSH",36,34,31
"RNF",12,11,11
"UDZ",38,35,31
"VB-",25,23,21
"YAN",24,22,21
"YAS",27,27,25
